{
"Input":{"dim": [1, 3, 192, 320], "scale": [0.00390625, 0.00390625, 0.00390625], "name": "data", "top": "data", "mean_value": [0.0, 0.0, 0.0], "pad": 1},
"ConvolutionReLU":{"num_output": 16, "stride": 2, "pad": 0, "name": "ConvNd_1", "bottom": "data", "has_relu": true, "top": "Threshold_1", "bias_iterm": false, "kernel_size": 3},
"ConvolutionReLU":{"num_output": 32, "stride": 2, "pad": 0, "name": "ConvNd_2", "bottom": "Threshold_1", "has_relu": true, "top": "Threshold_2", "bias_iterm": true, "kernel_size": 2},
"ConvolutionReLU":{"num_output": 32, "stride": 1, "pad": 0, "name": "ConvNd_3", "bottom": "Threshold_2", "has_relu": true, "top": "Threshold_3", "bias_iterm": false, "kernel_size": 1},
"ConvolutionReLU":{"num_output": 32, "stride": 2, "pad": 0, "name": "ConvNd_4", "bottom": "Threshold_3", "has_relu": true, "top": "Threshold_4", "bias_iterm": false, "kernel_size": 2},
"ConvolutionReLU":{"num_output": 32, "stride": 1, "pad": 0, "name": "ConvNd_5", "bottom": "Threshold_4", "has_relu": true, "top": "Threshold_5", "bias_iterm": true, "kernel_size": 1},
"ConvolutionReLU":{"num_output": 32, "stride": 1, "pad": 0, "name": "ConvNd_6", "bottom": "Threshold_5", "has_relu": true, "top": "Threshold_6", "bias_iterm": false, "kernel_size": 1},
"ConvolutionReLU":{"num_output": 32, "stride": 1, "pad": 1, "name": "ConvNd_7", "bottom": "Threshold_6", "has_relu": true, "top": "Threshold_7", "bias_iterm": false, "kernel_size": 3},
"ConvolutionReLU":{"num_output": 32, "stride": 1, "pad": 0, "name": "ConvNd_8", "bottom": "Threshold_7", "has_relu": true, "top": "Threshold_8", "bias_iterm": true, "kernel_size": 1},
"Eltwise":{"elt_type": "sum", "has_relu": false, "top": "Add1_1", "name": "Add1_1", "bottom": ["Threshold_8", "Threshold_5"]},
"ConvolutionReLU":{"num_output": 32, "stride": 1, "pad": 0, "name": "ConvNd_9", "bottom": "Add1_1", "has_relu": true, "top": "Threshold_9", "bias_iterm": false, "kernel_size": 1},
"ConvolutionReLU":{"num_output": 32, "stride": 1, "pad": 1, "name": "ConvNd_10", "bottom": "Threshold_9", "has_relu": true, "top": "Threshold_10", "bias_iterm": false, "kernel_size": 3},
"ConvolutionReLU":{"num_output": 32, "stride": 1, "pad": 0, "name": "ConvNd_11", "bottom": "Threshold_10", "has_relu": true, "top": "Threshold_11", "bias_iterm": true, "kernel_size": 1},
"Eltwise":{"elt_type": "sum", "has_relu": false, "top": "Add1_2", "name": "Add1_2", "bottom": ["Threshold_11", "Add1_1"]},
"ConvolutionReLU":{"num_output": 32, "stride": 1, "pad": 0, "name": "ConvNd_12", "bottom": "Add1_2", "has_relu": true, "top": "Threshold_12", "bias_iterm": false, "kernel_size": 1},
"ConvolutionReLU":{"num_output": 32, "stride": 2, "pad": 0, "name": "ConvNd_13", "bottom": "Threshold_12", "has_relu": true, "top": "Threshold_13", "bias_iterm": false, "kernel_size": 2},
"ConvolutionReLU":{"num_output": 64, "stride": 1, "pad": 0, "name": "ConvNd_14", "bottom": "Threshold_13", "has_relu": true, "top": "Threshold_14", "bias_iterm": true, "kernel_size": 1},
"ConvolutionReLU":{"num_output": 32, "stride": 1, "pad": 0, "name": "ConvNd_15", "bottom": "Threshold_14", "has_relu": true, "top": "Threshold_15", "bias_iterm": false, "kernel_size": 1},
"ConvolutionReLU":{"num_output": 32, "stride": 1, "pad": 1, "name": "ConvNd_16", "bottom": "Threshold_15", "has_relu": true, "top": "Threshold_16", "bias_iterm": false, "kernel_size": 3},
"ConvolutionReLU":{"num_output": 64, "stride": 1, "pad": 0, "name": "ConvNd_17", "bottom": "Threshold_16", "has_relu": true, "top": "Threshold_17", "bias_iterm": true, "kernel_size": 1},
"Eltwise":{"elt_type": "sum", "has_relu": false, "top": "Add1_3", "name": "Add1_3", "bottom": ["Threshold_17", "Threshold_14"]},
"ConvolutionReLU":{"num_output": 32, "stride": 1, "pad": 0, "name": "ConvNd_18", "bottom": "Add1_3", "has_relu": true, "top": "Threshold_18", "bias_iterm": false, "kernel_size": 1},
"ConvolutionReLU":{"num_output": 32, "stride": 1, "pad": 1, "name": "ConvNd_19", "bottom": "Threshold_18", "has_relu": true, "top": "Threshold_19", "bias_iterm": false, "kernel_size": 3},
"ConvolutionReLU":{"num_output": 64, "stride": 1, "pad": 0, "name": "ConvNd_20", "bottom": "Threshold_19", "has_relu": true, "top": "Threshold_20", "bias_iterm": true, "kernel_size": 1},
"Eltwise":{"elt_type": "sum", "has_relu": false, "top": "Add1_4", "name": "Add1_4", "bottom": ["Threshold_20", "Add1_3"]},
"ConvolutionReLU":{"num_output": 32, "stride": 1, "pad": 0, "name": "ConvNd_21", "bottom": "Add1_4", "has_relu": true, "top": "Threshold_21", "bias_iterm": false, "kernel_size": 1},
"ConvolutionReLU":{"num_output": 32, "stride": 1, "pad": 0, "name": "ConvNd_22", "bottom": "Threshold_21", "has_relu": true, "top": "Threshold_22", "bias_iterm": false, "kernel_size": 1},
"ConvolutionReLU":{"num_output": 32, "stride": 1, "pad": 1, "name": "ConvNd_23", "bottom": "Threshold_22", "has_relu": true, "top": "Threshold_23", "bias_iterm": false, "kernel_size": 3},
"ConvolutionReLU":{"num_output": 32, "stride": 1, "pad": 0, "name": "ConvNd_24", "bottom": "Threshold_23", "has_relu": true, "top": "Threshold_24", "bias_iterm": true, "kernel_size": 1},
"Eltwise":{"elt_type": "sum", "has_relu": false, "top": "Add1_5", "name": "Add1_5", "bottom": ["Threshold_24", "Threshold_21"]},
"ConvolutionReLU":{"num_output": 128, "stride": 1, "pad": 0, "name": "ConvNd_25", "bottom": "Add1_5", "has_relu": true, "top": "Threshold_25", "bias_iterm": false, "kernel_size": 1},
"Pixelshuffle":{"upscale_factor": 2, "top": "Permute_1", "name": "Permute_1", "bottom": "Threshold_25"},
"ConvolutionReLU":{"num_output": 32, "stride": 1, "pad": 0, "name": "ConvNd_26", "bottom": "Add1_2", "has_relu": true, "top": "Threshold_26", "bias_iterm": false, "kernel_size": 1},
"Eltwise":{"elt_type": "sum", "has_relu": false, "top": "Add1_6", "name": "Add1_6", "bottom": ["Permute_1", "Threshold_26"]},
"ConvolutionReLU":{"num_output": 32, "stride": 1, "pad": 0, "name": "ConvNd_27", "bottom": "Add1_6", "has_relu": true, "top": "Threshold_27", "bias_iterm": false, "kernel_size": 1},
"ConvolutionReLU":{"num_output": 32, "stride": 1, "pad": 1, "name": "ConvNd_28", "bottom": "Threshold_27", "has_relu": true, "top": "Threshold_28", "bias_iterm": false, "kernel_size": 3},
"ConvolutionReLU":{"num_output": 32, "stride": 1, "pad": 0, "name": "ConvNd_29", "bottom": "Threshold_28", "has_relu": true, "top": "Threshold_29", "bias_iterm": true, "kernel_size": 1},
"Eltwise":{"elt_type": "sum", "has_relu": false, "top": "Add1_7", "name": "Add1_7", "bottom": ["Threshold_29", "Add1_6"]},
"ConvolutionReLU":{"num_output": 128, "stride": 1, "pad": 0, "name": "ConvNd_30", "bottom": "Add1_7", "has_relu": true, "top": "Threshold_30", "bias_iterm": false, "kernel_size": 1},
"Pixelshuffle":{"upscale_factor": 2, "top": "Permute_2", "name": "Permute_2", "bottom": "Threshold_30"},
"ConvolutionReLU":{"num_output": 32, "stride": 1, "pad": 0, "name": "ConvNd_31", "bottom": "Threshold_2", "has_relu": true, "top": "Threshold_31", "bias_iterm": false, "kernel_size": 1},
"Eltwise":{"elt_type": "sum", "has_relu": false, "top": "Add1_8", "name": "Add1_8", "bottom": ["Permute_2", "Threshold_31"]},
"ConvolutionReLU":{"num_output": 32, "stride": 1, "pad": 0, "name": "ConvNd_32", "bottom": "Add1_8", "has_relu": true, "top": "Threshold_32", "bias_iterm": false, "kernel_size": 1},
"ConvolutionReLU":{"num_output": 32, "stride": 1, "pad": 1, "name": "ConvNd_33", "bottom": "Threshold_32", "has_relu": true, "top": "Threshold_33", "bias_iterm": false, "kernel_size": 3},
"ConvolutionReLU":{"num_output": 32, "stride": 1, "pad": 0, "name": "ConvNd_34", "bottom": "Threshold_33", "has_relu": true, "top": "Threshold_34", "bias_iterm": true, "kernel_size": 1},
"Eltwise":{"elt_type": "sum", "has_relu": false, "top": "Add1_9", "name": "Add1_9", "bottom": ["Threshold_34", "Add1_8"]},
"ConvolutionReLU":{"num_output": 32, "stride": 1, "pad": 0, "name": "ConvNd_35", "bottom": "Add1_9", "has_relu": true, "top": "Threshold_35", "bias_iterm": true, "kernel_size": 1},
"ConvolutionReLU":{"num_output": 64, "stride": 1, "pad": 1, "name": "ConvNd_36", "bottom": "Threshold_35", "has_relu": true, "top": "Threshold_36", "bias_iterm": false, "kernel_size": 3},
"Pixelshuffle":{"upscale_factor": 2, "top": "Permute_3", "name": "Permute_3", "bottom": "Threshold_36"},
"ConvolutionReLU":{"num_output": 8, "stride": 1, "pad": 0, "name": "ConvNd_37", "bottom": "Permute_3", "has_relu": false, "top": "ConvNd_37", "bias_iterm": false, "kernel_size": 1},
"Pixelshuffle":{"upscale_factor": 2, "top": "Permute_4", "name": "Permute_4", "bottom": "ConvNd_37"},
"ConvolutionReLU":{"num_output": 32, "stride": 1, "pad": 0, "name": "ConvNd_38", "bottom": "Add1_9", "has_relu": true, "top": "Threshold_37", "bias_iterm": true, "kernel_size": 1},
"ConvolutionReLU":{"num_output": 64, "stride": 1, "pad": 1, "name": "ConvNd_39", "bottom": "Threshold_37", "has_relu": true, "top": "Threshold_38", "bias_iterm": false, "kernel_size": 3},
"Pixelshuffle":{"upscale_factor": 2, "top": "Permute_5", "name": "Permute_5", "bottom": "Threshold_38"},
"ConvolutionReLU":{"num_output": 24, "stride": 1, "pad": 0, "name": "ConvNd_40_filled_zeros", "bottom": "Permute_5", "has_relu": false, "top": "ConvNd_40_filled_zeros", "bias_iterm": false, "kernel_size": 1},
"Pixelshuffle":{"upscale_factor": 2, "top": "Permute_6", "name": "Permute_6", "bottom": "ConvNd_40_filled_zeros"},
  "Argmax":{"top": "Permute_4_argmax", "axis": 1, "name": "Permute_4_argmax", "bottom": "Permute_4"},
  "Argmax":{"top": "Permute_6_argmax", "axis": 1, "name": "Permute_6_argmax", "bottom": "Permute_6"}
}